Case_ID,Activity,Timestamp_Start,Timestamp_End,Source,usuario,status
d0c4f3e47cf791344d649a0fc1b2dffc,UPLOAD,2026-04-08 23:11:20,,Teste,mirellada-conceicao,SUCESSO
97d9e4d6a1c5b0a7fe4f9d9241cf864c,ERRO_API,2026-04-09 01:58:20,,Teste,gustavoda-rocha,SUCESSO
fbd8e31e8dc4312fbae493fa683a32fe,UPLOAD,2026-04-09 02:09:20,,Teste,ana-juliafreitas,PENDENTE
e2a84f2da35d3212d236ba86aa71911d,LOGOUT,2026-04-09 12:33:20,,Teste,peixotolorena,FALHA
9a4efec70103c7779a8260baca38fdf8,LOGIN,2026-04-09 13:27:20,,Teste,pnogueira,FALHA
f658236ea64c217e5f03177fa9bdd17a,LOGOUT,2026-04-09 13:51:20,,Teste,catarinanogueira,FALHA
943915b5335fb587ff99e3c5f0c2a009,LOGOUT,2026-04-09 15:29:20,,Teste,gabrielly73,PENDENTE
b8519d5bddafa357f571e1c70e63915e,ERRO_API,2026-04-09 15:56:20,,Teste,joao-vitor01,FALHA
4ed5718460793e739e3a8d5b0467b806,ALTERACAO_DADOS,2026-04-09 18:23:20,,Teste,souzajoao-miguel,FALHA
1d95f8d51cd4e132c4ac8c03f6cea78c,ALTERACAO_DADOS,2026-04-09 18:50:20,,Teste,cda-mata,PENDENTE
d7999bdaaf64eb5829a03fb9d8654b24,LOGIN,2026-04-09 21:08:20,,Teste,rochaevelyn,SUCESSO
6029281fb0c960e23d3f9f7a39f2f1f8,UPLOAD,2026-04-09 21:57:20,,Teste,barbosaisadora,FALHA
1e9cda6411448ff91d40f6852ebfb7d5,DOWNLOAD,2026-04-10 00:09:20,,Teste,jlima,SUCESSO
5f8187dcd597d9b52993bbc02cf101f7,DOWNLOAD,2026-04-10 06:00:20,,Teste,agathaaragao,PENDENTE
ba64936dd9271227df9793967d98f7fc,RESET_SENHA,2026-04-10 08:16:20,,Teste,ilopes,FALHA
ec0be970dfff5301d39180e342ecd705,LOGIN,2026-04-10 09:59:20,,Teste,ana-beatrizporto,SUCESSO
83444cb0c4ebc36836c030871a8d2229,ALTERACAO_DADOS,2026-04-10 10:57:20,,Teste,ecastro,SUCESSO
e2553812d342d0b6d3a9baf1065b92a2,LOGOUT,2026-04-10 11:53:20,,Teste,joana16,SUCESSO
d7d13f17890055ce894b5578130cb6ae,UPLOAD,2026-04-10 12:05:20,,Teste,mourathomas,PENDENTE
0dc9ede7599cb73bb941c12a1661347d,LOGIN,2026-04-10 12:13:20,,Teste,beatriz27,PENDENTE
634c6bbf2b6213b48941f985c44873fb,LOGIN,2026-04-10 12:17:20,,Teste,lorena33,SUCESSO
f035d843af479dfaa09468db782fab7d,ERRO_API,2026-04-10 15:03:20,,Teste,caioda-cruz,PENDENTE
0265e7efbb10a241fbe9d864adc8fad7,LOGOUT,2026-04-11 02:46:20,,Teste,aragaopaulo,FALHA
3100bafaafdf28bf2c1200419b0e00c5,LOGIN,2026-04-11 03:02:20,,Teste,salesana-julia,PENDENTE
365086cd8d6c22b5aefd57c3a6ad75f7,ALTERACAO_DADOS,2026-04-11 03:49:20,,Teste,gomesfrancisco,FALHA
70c5f87d02d34b18a60c71bde637c194,ALTERACAO_DADOS,2026-04-11 08:12:20,,Teste,alicesouza,FALHA
76ca5b9554cb1264f640aed300dd4094,PAGAMENTO,2026-04-11 09:15:20,,Teste,mariane57,PENDENTE
eb2cd845a5ab0e8805282daea880ffad,COMPRA,2026-04-11 10:53:20,,Teste,luiz-felipeda-mata,PENDENTE
5cacc4ee365288f750880af2f4c05dcb,PAGAMENTO,2026-04-11 12:19:20,,Teste,erick32,FALHA
bb2cdb4aac9b90a4181ac107d241f892,UPLOAD,2026-04-11 16:56:20,,Teste,cavalcantiemanuel,FALHA
417da644bec2504971f42f554499e471,LOGIN,2026-04-11 18:42:20,,Teste,clara89,PENDENTE
a521eb66b41d8a91df82cd51bd088184,LOGIN,2026-04-11 22:36:20,,Teste,alopes,PENDENTE
a6603da33c67d0d0883d4c4644b0ede9,ALTERACAO_DADOS,2026-04-12 02:25:20,,Teste,miguel80,PENDENTE
4a1fc4767d3c649dd203cfd8eaca612b,ALTERACAO_DADOS,2026-04-12 04:48:20,,Teste,juliaazevedo,SUCESSO
9bb4398d671538fb7c47541f91cc852e,ERRO_API,2026-04-12 09:32:20,,Teste,leticiaoliveira,SUCESSO
014feec7151de2d67351412e852ad737,COMPRA,2026-04-12 12:58:20,,Teste,thalesda-rosa,SUCESSO
4a18a450842e4783a75e90062c85e54c,PAGAMENTO,2026-04-12 17:15:20,,Teste,kpereira,FALHA
4ed16da3b7caf2c70a4ef1fa3d1e04e8,UPLOAD,2026-04-12 19:14:20,,Teste,jbarbosa,SUCESSO
dcd1ce0df424e16362d1699521cc1d2d,ERRO_API,2026-04-12 20:06:20,,Teste,luiz-migueloliveira,PENDENTE
0ee0803e627909f643d67691f9cbdb54,ALTERACAO_DADOS,2026-04-12 23:13:20,,Teste,caiogomes,FALHA
9aec006ecff877bcd32c95548c8790d0,UPLOAD,2026-04-12 23:26:20,,Teste,maria-sophiasilveira,SUCESSO
fa2257d846196a57ba2141e33a646e13,ALTERACAO_DADOS,2026-04-13 02:29:20,,Teste,almeidajoaquim,FALHA
0edcf9a791a6df04d280b4debf0b27f2,RESET_SENHA,2026-04-13 03:03:20,,Teste,barbosathomas,PENDENTE
731546e723f3a468d4ba203a571b90f1,ERRO_API,2026-04-13 07:21:20,,Teste,davi-lucca91,FALHA
3d8d0d4d6a7ea1009816cbb5f37b395f,CADASTRO,2026-04-13 11:47:20,,Teste,agathaoliveira,SUCESSO
b501f4d2f87c897123854147d42d729f,UPLOAD,2026-04-13 12:27:20,,Teste,cardosoluiz-gustavo,PENDENTE
007e96e251992aa7d396bc865d5cc868,ERRO_API,2026-04-13 13:34:20,,Teste,enrico17,FALHA
9cadc4cf31f53079776f8ea2403b96b5,RESET_SENHA,2026-04-13 13:44:20,,Teste,leandro28,PENDENTE
4b53f9744a36282aeb498e611f448555,RESET_SENHA,2026-04-13 16:51:20,,Teste,sophiaazevedo,SUCESSO
83b4622cb6b764e38a98cd9f9a48f492,ALTERACAO_DADOS,2026-04-13 18:21:20,,Teste,da-rochacaua,SUCESSO
8d9364b2ce8242b5f4c4c18331f5384b,COMPRA,2026-04-13 18:37:20,,Teste,ana-laura90,SUCESSO
2478703f6582c62bc7219d8486489f04,COMPRA,2026-04-13 20:14:20,,Teste,salesbruna,PENDENTE
31e9f50ec71e02651c47fa5c867bd0b2,LOGOUT,2026-04-13 22:29:20,,Teste,clarice68,SUCESSO
78864e5ed69b5737a3ab848a7c1dffff,DOWNLOAD,2026-04-14 01:17:20,,Teste,fnunes,PENDENTE
b3c730bd07e8bd882e55f6c992a12c07,LOGOUT,2026-04-14 03:23:20,,Teste,mendesnathan,FALHA
1ca2253d9ecebaa67b70d31901f75fad,COMPRA,2026-04-14 08:44:20,,Teste,beniciopereira,FALHA
4f0df140a0107007ffdd137c1606c842,LOGIN,2026-04-14 09:03:20,,Teste,cardosojoao-gabriel,SUCESSO
5872c545665bc9430a44a163be9cad02,ALTERACAO_DADOS,2026-04-14 10:00:20,,Teste,vicente50,FALHA
8350b4eb1afd5f5e12d1e89609a6718d,LOGIN,2026-04-14 16:53:20,,Teste,carvalhovitor,FALHA
20d65b20734d38825ed9a584c5467ba2,ERRO_API,2026-04-14 18:56:20,,Teste,ceciliamoura,SUCESSO
6ae1a2e29bdecda9c38cad50415268e8,CADASTRO,2026-04-14 22:51:20,,Teste,luiz-otaviomelo,PENDENTE
3bd91ca8d344a975158ed80213edb22b,DOWNLOAD,2026-04-15 00:22:20,,Teste,olivia19,FALHA
7370626c79d8e04fde567f16b34fabc9,DOWNLOAD,2026-04-15 01:59:20,,Teste,aragaofernando,PENDENTE
798d5955869261d9501bdb81cbcdaa2e,PAGAMENTO,2026-04-15 03:02:20,,Teste,joaquimduarte,PENDENTE
21a10e02af6c3fe7626e8ff20a61f2e3,ALTERACAO_DADOS,2026-04-15 03:57:20,,Teste,vitor52,SUCESSO
123f62263a9278b4f2e8e4eca966c737,ERRO_API,2026-04-15 08:26:20,,Teste,fogacaisabella,PENDENTE
d7db32d3452b458b6b99e15e7084537d,ALTERACAO_DADOS,2026-04-15 08:29:20,,Teste,leandromelo,PENDENTE
3db54ad0c7797a84ab7e41f862cb73b9,CADASTRO,2026-04-15 08:37:20,,Teste,maria-ceciliasantos,FALHA
16a6c1c3679d82ea53afcf2b0db42c90,PAGAMENTO,2026-04-15 10:05:20,,Teste,scardoso,FALHA
0237e025638ea035d8ef8bc614f91db1,DOWNLOAD,2026-04-15 12:48:20,,Teste,sarahda-paz,PENDENTE
f37b8b789c138a4674600c7d690495d3,DOWNLOAD,2026-04-15 13:12:20,,Teste,pfogaca,FALHA
b4cfb3bc4216bc962690edf13db7fd1a,ERRO_API,2026-04-15 22:05:20,,Teste,clara21,FALHA
fe7a4e9925063a1f13837e5b99964d32,UPLOAD,2026-04-16 02:43:20,,Teste,yrodrigues,PENDENTE
31c0b4052b8e7058b2671836e32d304b,CADASTRO,2026-04-16 04:36:20,,Teste,noliveira,FALHA
e411af9502a1604d1dd68d224d191c78,LOGOUT,2026-04-16 12:42:20,,Teste,joao46,FALHA
8dfa0b61052a1fa80447ccc92f89b7c9,RESET_SENHA,2026-04-16 13:01:20,,Teste,almeidajoao-lucas,PENDENTE
ea847bd933b38f2cc0b7b87af4296876,DOWNLOAD,2026-04-16 13:15:20,,Teste,da-luznatalia,FALHA
2dff6161eff669dd7c27bb3b78ffb081,UPLOAD,2026-04-16 14:18:20,,Teste,ianrocha,SUCESSO
02a1391c592a2782cb724a2f957e0c51,LOGIN,2026-04-16 17:00:20,,Teste,stephanymelo,FALHA
6fbbc6356a3c8f6362f0c6ec150bf7b8,LOGOUT,2026-04-16 17:46:20,,Teste,maria-fernanda41,SUCESSO
adae884bba7f6379d156dc4bd8165ae1,CADASTRO,2026-04-16 18:45:20,,Teste,da-rochamaria-vitoria,SUCESSO
a8473989260e749263870bf7508bf1db,CADASTRO,2026-04-17 05:25:20,,Teste,pintovitoria,SUCESSO
3201cfa77c80225a9b1b2d99bb88ddcf,ERRO_API,2026-04-17 10:19:20,,Teste,cardosokaique,PENDENTE
c0291903c2185715dbfe6cdbac3eb9aa,PAGAMENTO,2026-04-17 11:48:20,,Teste,joao42,FALHA
0a9c7551ec9d01624e6ceb94fa29a3b4,RESET_SENHA,2026-04-17 13:12:20,,Teste,dfarias,PENDENTE
9b7eb621a5bdcc3ae3764d69742948a9,COMPRA,2026-04-17 14:11:20,,Teste,silveirabernardo,PENDENTE
d27cd91e6c193663db199fec543ac7eb,ERRO_API,2026-04-17 14:40:20,,Teste,mcampos,FALHA
a6afe81701afc2d8f922195c73cb8958,LOGIN,2026-04-17 15:30:20,,Teste,nascimentoluiz-gustavo,FALHA
5e3729261e5070728fc3222859148b4c,DOWNLOAD,2026-04-17 15:46:20,,Teste,costalucas,FALHA
3d67455d2714090a1c70dca82b4d325d,PAGAMENTO,2026-04-17 17:04:20,,Teste,diasmarina,FALHA
f1662a78e3846026fa90b331112dfe43,COMPRA,2026-04-17 18:18:20,,Teste,stella82,PENDENTE
213696c33a17199d8780b2be3fcfb460,PAGAMENTO,2026-04-17 19:34:20,,Teste,ramosemilly,SUCESSO
9ec48493e6aabfd0eab991c442d0752e,UPLOAD,2026-04-17 21:17:20,,Teste,theo77,SUCESSO
957bdcb07e44dd800fba7ac63e0c353d,RESET_SENHA,2026-04-17 23:46:20,,Teste,cauada-costa,PENDENTE
6b4606a59b362ee37ab7657dc2848301,COMPRA,2026-04-18 00:13:20,,Teste,aliciasouza,SUCESSO
3c8fcf0e44510e50354cbaae69f3c245,ALTERACAO_DADOS,2026-04-18 07:20:20,,Teste,levi30,FALHA
e147a478f61d9ca9a3a26a7956af7638,CADASTRO,2026-04-18 11:33:20,,Teste,maitefreitas,FALHA
f3b2c66ba3ca404499ee0472eaa6b4fb,RESET_SENHA,2026-04-18 13:33:20,,Teste,milenacardoso,PENDENTE
e9cfea2cabbc3b20234be4d963774463,PAGAMENTO,2026-04-18 14:15:20,,Teste,qsales,FALHA
cd429a2039f9ce608fe926fa61981479,RESET_SENHA,2026-04-18 14:28:20,,Teste,lucas-gabriel82,SUCESSO
71f0498f004e22e791c3a21720821cb4,LOGIN,2026-04-18 16:15:20,,Teste,osilveira,FALHA
da7d1fd1df4405b962270eac2656fbae,UPLOAD,2026-04-18 17:35:20,,Teste,luigiaraujo,SUCESSO
69f53534e99225485b78d5383ab210a2,RESET_SENHA,2026-04-18 18:37:20,,Teste,sophia58,PENDENTE
485f88f9c9a787ddb36960647886d750,LOGOUT,2026-04-18 19:54:20,,Teste,dpeixoto,SUCESSO
5e22d92c43bfbb2a3bfb6c72258e677c,UPLOAD,2026-04-18 22:22:20,,Teste,vitor-gabriel28,FALHA
fde40ef97d095ce770293c09a5ded21f,LOGOUT,2026-04-19 00:50:20,,Teste,nogueiraantonio,SUCESSO
74e48b4aae33aaf4714985dc1a405706,RESET_SENHA,2026-04-19 06:12:20,,Teste,da-pazcarolina,PENDENTE
9913359993d7b8cc2e79ebc0c78bda8f,LOGOUT,2026-04-19 07:39:20,,Teste,nnovaes,SUCESSO
aa3819acb415c525dcbad098bee0b997,PAGAMENTO,2026-04-19 08:16:20,,Teste,isisda-luz,FALHA
37fab0681c1a1c9109ddca48f3ff9573,RESET_SENHA,2026-04-19 11:37:20,,Teste,luiz-miguelgoncalves,FALHA
08c2c1391dc1e9b0cc8ca3a1f3fa9ad2,CADASTRO,2026-04-19 12:05:20,,Teste,sofia58,PENDENTE
0785754b47f25506548eb6b2d5078592,ALTERACAO_DADOS,2026-04-19 14:01:20,,Teste,da-rosaerick,PENDENTE
2fa77c8f25754208193b5cab62b3b69a,ERRO_API,2026-04-19 15:42:20,,Teste,cpeixoto,SUCESSO
10cdd504af458bd664007b2f73faa6b3,RESET_SENHA,2026-04-19 16:51:20,,Teste,gcarvalho,SUCESSO
c181322faf78125d82110e4950ad7f72,LOGOUT,2026-04-19 20:13:20,,Teste,smonteiro,PENDENTE
d37071e1fcc07eadd8029777e53db073,LOGIN,2026-04-19 21:24:20,,Teste,kaiquecunha,PENDENTE
7452f7fbbdaf4eca3cf3afbc0939930b,COMPRA,2026-04-19 22:52:20,,Teste,mariarocha,PENDENTE
c00e145e4e36a550ec3dd75dd595d355,PAGAMENTO,2026-04-20 00:50:20,,Teste,vitoria38,PENDENTE
35378a5f7f21b8886f3fdfd1b3dc0a65,ERRO_API,2026-04-20 01:15:20,,Teste,vitor-gabriel70,PENDENTE
aa5ccf23581ac65a760bea5d78ef98b2,COMPRA,2026-04-20 05:45:20,,Teste,fernandesyuri,FALHA
6e876589574b3d81f91f6f3b91099b66,PAGAMENTO,2026-04-20 11:20:20,,Teste,leandro99,FALHA
51e99501daf1091c01d7afc99a8fc2f0,LOGOUT,2026-04-20 12:12:20,,Teste,danilo38,FALHA
c8ae1f5662fd37fe31f53e29e7be9069,ALTERACAO_DADOS,2026-04-20 12:40:20,,Teste,lda-conceicao,PENDENTE
4d58dae00e6a5a5ca1b859c9858b7fe3,DOWNLOAD,2026-04-20 14:40:20,,Teste,lcostela,FALHA
ca51e3590373308f7243ca681757efeb,LOGOUT,2026-04-20 16:21:20,,Teste,tda-costa,PENDENTE
7ae6d84a76d8f7ea45bcf9599fb2818f,DOWNLOAD,2026-04-20 18:54:20,,Teste,ana-lauramoreira,SUCESSO
49f8f21bffc09b087fed864cc5f8b249,ALTERACAO_DADOS,2026-04-21 02:00:20,,Teste,marianasouza,FALHA
134ec7238669f3e0d6b047d7cb34107f,LOGOUT,2026-04-21 02:03:20,,Teste,claricefreitas,SUCESSO
4b98b327739b52ccd05efb289f6af87a,CADASTRO,2026-04-21 09:43:20,,Teste,mendesgiovanna,FALHA
f649f1940d237d77fdbddeea947ed401,ALTERACAO_DADOS,2026-04-21 13:48:20,,Teste,juliada-mota,SUCESSO
87b1e4b097f3bff3a427594b051b621a,CADASTRO,2026-04-21 15:03:20,,Teste,joao-miguel71,FALHA
0f69a0319464476a44a531a7501cc5cb,LOGOUT,2026-04-21 17:11:20,,Teste,mouradaniela,SUCESSO
a85885f36f96d25438a371ccd8d75f08,CADASTRO,2026-04-21 19:42:20,,Teste,cavalcantijuliana,FALHA
17c363ce8029faedf1717fbef1264311,LOGOUT,2026-04-21 20:03:20,,Teste,mouraarthur,SUCESSO
808dfa5279f8d928db040981b64ce527,LOGOUT,2026-04-22 00:49:20,,Teste,fporto,SUCESSO
e621c0c8ce5204bd28f44b755625eaff,LOGOUT,2026-04-22 03:40:20,,Teste,yasmin01,FALHA
6afcbd52dc842ed328e902c885df537f,COMPRA,2026-04-22 09:22:20,,Teste,hda-paz,FALHA
ad5af49931eac416cc80ed0ba2439076,UPLOAD,2026-04-22 09:22:20,,Teste,luiz-otaviorodrigues,PENDENTE
061ff6540d2a9e7278536294b1727465,LOGIN,2026-04-22 09:48:20,,Teste,diasaugusto,FALHA
7c37cf393fb7822b4606cab343ff797e,CADASTRO,2026-04-22 11:46:20,,Teste,fogacamaite,PENDENTE
02251339b0aeed801ca77a91687e27c6,ALTERACAO_DADOS,2026-04-22 14:57:20,,Teste,peixotoenzo-gabriel,FALHA
8a7f879fb1ad90d1086a8beed9c62abb,DOWNLOAD,2026-04-22 16:00:20,,Teste,gustavopeixoto,SUCESSO
2ab8d336ce6586ada4d76f517b855b08,RESET_SENHA,2026-04-22 16:36:20,,Teste,luizapereira,SUCESSO
e92afae59018f64ae9eed1162f7ce232,PAGAMENTO,2026-04-22 19:28:20,,Teste,garaujo,FALHA
86963969c50eaa900c4f6dd870037735,UPLOAD,2026-04-22 20:01:20,,Teste,catarinaoliveira,PENDENTE
2cf99103d79c5caa731d9e1f586b4fc6,LOGIN,2026-04-22 21:31:20,,Teste,pietro03,SUCESSO
65d12ff2298e03f956c1eb203d54f8be,DOWNLOAD,2026-04-22 22:08:20,,Teste,cunhamanuela,FALHA
7df587beaeb03dd1a102eab9ee716cfe,ALTERACAO_DADOS,2026-04-22 22:41:20,,Teste,srezende,SUCESSO
cab1c156748012e852323d41300817da,UPLOAD,2026-04-23 00:55:20,,Teste,mendesjoao-felipe,SUCESSO
739588df00a8afbc04714f55f6b01170,LOGOUT,2026-04-23 01:21:20,,Teste,alexiada-luz,SUCESSO
c2148bd4d2a6b5ee40e23bf21096f693,PAGAMENTO,2026-04-23 01:49:20,,Teste,ocavalcanti,FALHA
6f8fc27500ad8910a1d5b6dfe3a5e06f,LOGOUT,2026-04-23 04:36:20,,Teste,yaragao,PENDENTE
62f616cb5d5216426bf72b2b7c9784c8,CADASTRO,2026-04-23 07:28:20,,Teste,pereirabenicio,FALHA
91076de137e8739ca32d8e319d8d0543,CADASTRO,2026-04-23 08:22:20,,Teste,krezende,PENDENTE
ea7d2c65c468d1048a90e41e46b00636,UPLOAD,2026-04-23 11:16:20,,Teste,pedro-miguelnunes,SUCESSO
6ba8063a003598cd65b1a66ae55dc395,ALTERACAO_DADOS,2026-04-23 16:32:20,,Teste,icardoso,FALHA
724d4191b76cd0830e37ff9aaf401b49,ALTERACAO_DADOS,2026-04-23 16:52:20,,Teste,isabellapinto,SUCESSO
6d4992197942e411a910a122ca601bff,LOGIN,2026-04-23 17:18:20,,Teste,mendesnicolas,FALHA
57465ed49b16d797d78889eccdb67e7c,ERRO_API,2026-04-23 22:58:20,,Teste,rvieira,PENDENTE
6cd6bd606aa0256c6d12b9efb754d895,UPLOAD,2026-04-23 23:05:20,,Teste,joao-vitormoreira,PENDENTE
167a925222cf5a34978569a8732317cb,CADASTRO,2026-04-24 00:08:20,,Teste,tcarvalho,SUCESSO
b6efd5c668db1f2755589acbeb9531d0,PAGAMENTO,2026-04-24 00:48:20,,Teste,iancardoso,FALHA
3e85d51c208e6ace014d865fc3872b9d,UPLOAD,2026-04-24 03:42:20,,Teste,guilhermealves,PENDENTE
59591644e8b9ec325b418fd4d4bee773,DOWNLOAD,2026-04-24 08:32:20,,Teste,samuel76,FALHA
ef61c08434cb48e656c41ea60179ab18,LOGIN,2026-04-24 09:10:20,,Teste,isabella97,PENDENTE
0aad579c7719f081fa0f9c135cbe0cc8,UPLOAD,2026-04-24 10:23:20,,Teste,walmeida,PENDENTE
e9f7164368356558a89397eafe8b8fa5,UPLOAD,2026-04-24 10:52:20,,Teste,thomasda-rosa,SUCESSO
c30396dc9001c37b163835642d5fa97b,ALTERACAO_DADOS,2026-04-24 11:36:20,,Teste,marianapinto,PENDENTE
43c284d47e0dc2c55fba5e6b8ad6f2c2,DOWNLOAD,2026-04-24 14:19:20,,Teste,luizada-paz,PENDENTE
51c571fa30936a122b3c5b0473c740d7,LOGOUT,2026-04-24 17:02:20,,Teste,mmendes,FALHA
ad1b2bb3b4bcf8298b6d970c6ec3daf3,LOGIN,2026-04-24 20:33:20,,Teste,fcaldeira,PENDENTE
cc14ca324f5c3104c87a21cba6dba8f2,CADASTRO,2026-04-25 02:07:20,,Teste,ana-vitoria22,FALHA
94e87f69fcd07f8d4cdbe0657cb30c57,ALTERACAO_DADOS,2026-04-25 03:13:20,,Teste,yalmeida,FALHA
56173e9e686052399fca3eaa52e9b1a5,ALTERACAO_DADOS,2026-04-25 03:30:20,,Teste,oliveiracaue,PENDENTE
2529f1a8fb7677dd8654a839a5bea438,ALTERACAO_DADOS,2026-04-25 08:12:20,,Teste,carvalhocaua,FALHA
ee73eeca34f3b6da5f900c21107b6354,RESET_SENHA,2026-04-25 09:04:20,,Teste,duartebruna,PENDENTE
d08a73ff160f36f255ddf83e83977fa4,ERRO_API,2026-04-25 11:46:20,,Teste,silveirakaique,SUCESSO
60ad474e537cce965053dd810fe6767b,RESET_SENHA,2026-04-25 11:55:20,,Teste,da-cunhaleandro,SUCESSO
9f76c20c4d4c65429dc26f0881936ea8,DOWNLOAD,2026-04-25 13:53:20,,Teste,wcostela,PENDENTE
87d3bb354fee67a35081a10c70e45dd0,ALTERACAO_DADOS,2026-04-25 16:43:20,,Teste,kda-cunha,FALHA
4aecf349fc664ccbab3f4cb25c32f669,RESET_SENHA,2026-04-25 17:18:20,,Teste,da-conceicaotheo,SUCESSO
46f5017ca5f5a656229d0010d96a3522,LOGIN,2026-04-25 17:31:20,,Teste,ana-juliapinto,PENDENTE
156c336d5e85d61299fc023bb15f70a2,RESET_SENHA,2026-04-25 20:10:20,,Teste,pintomanuela,PENDENTE
e58c0c940b1a00ecffd11723a41576a4,ERRO_API,2026-04-26 04:25:20,,Teste,sfogaca,PENDENTE
57275a53d11c84d8353c9dfeb36de762,DOWNLOAD,2026-04-26 05:04:20,,Teste,hcavalcanti,SUCESSO
ff8eba062c64d3a114f4105e10e75d28,ERRO_API,2026-04-26 06:04:20,,Teste,isisribeiro,FALHA
41d88fb58980d3d85c7609acde073478,DOWNLOAD,2026-04-26 06:54:20,,Teste,davi40,SUCESSO
5f117da4802bb2fc9745b22e3b376cc5,UPLOAD,2026-04-26 06:59:20,,Teste,maria-alice77,FALHA
2d6035b248c702f1b164ec475103d1ed,UPLOAD,2026-04-26 07:26:20,,Teste,isaacda-conceicao,SUCESSO
e406f27b1170adc98680f27022ddb994,LOGIN,2026-04-26 07:43:20,,Teste,vitor-hugo32,PENDENTE
c64d6c4a2edc141120495a29775bd742,UPLOAD,2026-04-26 08:10:20,,Teste,theobarbosa,SUCESSO
2250657cfa5145df904b08e5b067e3e5,CADASTRO,2026-04-26 08:12:20,,Teste,lucca20,FALHA
77856283c30c1551f01fece630b36af6,ERRO_API,2026-04-26 09:34:20,,Teste,enrico75,FALHA
d749a3cd9cf106d9e0c16403dfc73978,ERRO_API,2026-04-26 11:02:20,,Teste,duartethales,SUCESSO
617a9f7e0c22dd17ffa928af1ffe66ce,COMPRA,2026-04-26 13:26:20,,Teste,mmelo,SUCESSO
4dfdd15123dc903ef79d0cc86285d4a6,ERRO_API,2026-04-26 14:27:20,,Teste,luccamendes,FALHA
d5853e2de6255742051456a3425d6846,RESET_SENHA,2026-04-26 17:05:20,,Teste,stellada-mata,FALHA
c494e63fc93640ce95822e408407f2aa,ALTERACAO_DADOS,2026-04-26 17:11:20,,Teste,efarias,PENDENTE
7455e943007ad7f8901e93eb37169d71,ERRO_API,2026-04-26 17:41:20,,Teste,rochajoao-miguel,PENDENTE
25a0da9a08292709ee746a95aa7accdb,CADASTRO,2026-04-26 17:55:20,,Teste,emanuelly24,FALHA
68fbf854a56530787222c38635ca6485,DOWNLOAD,2026-04-26 20:39:20,,Teste,cardosoamanda,SUCESSO
53903cff37ad516e5cb5e2dfe80c8031,CADASTRO,2026-04-26 21:07:20,,Teste,alvesvitor-gabriel,FALHA
1e9f67dcb8bd25050dd7d6c4ba16e3e1,PAGAMENTO,2026-04-26 21:14:20,,Teste,rlopes,FALHA
b3c9538f22cb3a01e54b3779106aeeed,ALTERACAO_DADOS,2026-04-26 22:48:20,,Teste,stephany50,PENDENTE
77a269b88c56f7b2a3b43d1361b7427c,ALTERACAO_DADOS,2026-04-26 23:44:20,,Teste,joao-guilhermelopes,PENDENTE
23af50929b29271dc64691ae37639889,LOGIN,2026-04-27 04:06:20,,Teste,apereira,FALHA
38db6a819b1549f84c13b416822b8ea9,PAGAMENTO,2026-04-27 04:15:20,,Teste,ana-sophia15,PENDENTE
fa2e7e8c637b54b938adfa0afb787c9f,UPLOAD,2026-04-27 05:19:20,,Teste,joaquimcavalcanti,SUCESSO
986f257571a923bd8a5f6423ef51b0cc,ALTERACAO_DADOS,2026-04-27 05:31:20,,Teste,alanacampos,PENDENTE
e2785cf547c5539f8eb800f71718ec94,LOGIN,2026-04-27 07:42:20,,Teste,liviamoraes,FALHA
79ece4c7da89bd59a8c04b7f16df9a21,UPLOAD,2026-04-27 08:11:20,,Teste,zsouza,SUCESSO
8521772fc13022da5d56e766b2095619,CADASTRO,2026-04-27 09:09:20,,Teste,ferreiragiovanna,PENDENTE
470fc5c9c1140220caedbe2a2078a317,ALTERACAO_DADOS,2026-04-27 10:08:20,,Teste,anapeixoto,SUCESSO
2fcf1575786f1e0d207618f4b773189a,UPLOAD,2026-04-27 11:34:20,,Teste,salessarah,FALHA
ff7ad20d8abafb723cd03ba549b49f3a,LOGIN,2026-04-27 12:10:20,,Teste,fda-cunha,PENDENTE
0b51227cb2ba14eca0d77a5c5a6b8f75,CADASTRO,2026-04-27 12:36:20,,Teste,luiz-gustavo64,PENDENTE
c685f3db8d4c0cf428e789c91536527f,RESET_SENHA,2026-04-27 15:40:20,,Teste,silvabenjamin,SUCESSO
8e7c1be1c2abc06df15f1a3960d2a22f,RESET_SENHA,2026-04-27 19:08:20,,Teste,bfarias,SUCESSO
473fe20d048f73cef928801c032dd05c,LOGOUT,2026-04-27 20:16:20,,Teste,sabrina21,FALHA
771435ad977dc64bae9e6fec61b62b8b,RESET_SENHA,2026-04-27 20:27:20,,Teste,santosemanuelly,FALHA
2eee0b2bec5f18b0212365efdbc7693f,LOGOUT,2026-04-27 23:52:20,,Teste,correiaemilly,FALHA
16b6be606c7b26de1cddff4a39cb3af5,LOGIN,2026-04-28 01:50:20,,Teste,alexia82,PENDENTE
a84843716464d7c62fc4134fbbb3219f,PAGAMENTO,2026-04-28 05:32:20,,Teste,ecorreia,SUCESSO
68089e232a40b014e59fa2183270402f,COMPRA,2026-04-28 07:33:20,,Teste,gmartins,PENDENTE
608d3a32b2ce62cfd87e6c443d85f658,LOGIN,2026-04-28 09:53:20,,Teste,ksilveira,SUCESSO
0bb866e2248e15a31f6856b9c9938853,UPLOAD,2026-04-28 10:09:20,,Teste,monteiroeloah,FALHA
dfb054680d323827b02e19c6df4b38d7,PAGAMENTO,2026-04-28 14:15:20,,Teste,cunhafernando,PENDENTE
eff8ff7ceca23fac9919a340b1108198,COMPRA,2026-04-28 15:06:20,,Teste,carvalhojoao-guilherme,SUCESSO
df7b77438095fc0be28dab36f7c679a0,LOGIN,2026-04-28 17:22:20,,Teste,igor73,FALHA
d1ef9a8652927d6acbcace30a266497a,ERRO_API,2026-04-28 21:34:20,,Teste,pietro93,FALHA
f228d970a9c3ae685cf3f340cd08cf53,COMPRA,2026-04-29 01:02:20,,Teste,ramosdiogo,SUCESSO
6904d2c63e5ea23c8a22df7a74c39606,DOWNLOAD,2026-04-29 05:32:20,,Teste,isabellacampos,SUCESSO
033520b3e88febc5084d89624e700111,ALTERACAO_DADOS,2026-04-29 07:51:20,,Teste,maite65,SUCESSO
44269babefa7417bf1ea51db1ca4f3b0,RESET_SENHA,2026-04-29 08:37:20,,Teste,qteixeira,PENDENTE
e6857740559f74113e964fe1ea2a3dfb,COMPRA,2026-04-29 09:42:20,,Teste,antonio38,SUCESSO
8c9a2db38181245fa555758e0218adee,UPLOAD,2026-04-29 10:53:20,,Teste,nascimentoeloah,PENDENTE
8df0588ced6f39f34afde36953ad9b3a,DOWNLOAD,2026-04-29 15:15:20,,Teste,calebejesus,FALHA
f0ab4ca910bd7f99383ac829885d312c,PAGAMENTO,2026-04-29 18:25:20,,Teste,zmoreira,PENDENTE
4cda38a0f02fe70eb0d11a6566fe7ef2,LOGOUT,2026-04-29 20:59:20,,Teste,fernando76,PENDENTE
de1e4b6be4b75d9207ea3f4d07da620c,DOWNLOAD,2026-04-30 02:38:20,,Teste,gomesjoao-pedro,FALHA
60793fc1f94fcfcb7929da3115345698,ALTERACAO_DADOS,2026-04-30 02:45:20,,Teste,arodrigues,FALHA
1d74863ce3d0a42ecc7f5f6961c44f5e,CADASTRO,2026-04-30 03:02:20,,Teste,alvescaua,PENDENTE
7b141b9a67d1f3ad79474b283ceb83cd,CADASTRO,2026-04-30 06:23:20,,Teste,da-rosaluiz-gustavo,PENDENTE
416ae1865f732afb0df6107d9529d1df,CADASTRO,2026-04-30 06:41:20,,Teste,francisco14,SUCESSO
94cf6a3a12f61592cbb1501e87dad893,ERRO_API,2026-04-30 06:42:20,,Teste,bda-cunha,SUCESSO
323fdec2f8a82ed5136f7afa67238b22,CADASTRO,2026-04-30 07:15:20,,Teste,gustavo33,SUCESSO
2888365abe3817a7856a00deacb4c798,UPLOAD,2026-04-30 13:13:20,,Teste,paulobarbosa,FALHA
bb1610d41b13b1951e35c969b6f69ea6,LOGIN,2026-04-30 13:26:20,,Teste,limapedro-henrique,FALHA
54823a283a9675a88342e9937072691d,RESET_SENHA,2026-04-30 15:20:20,,Teste,silvadavi-luiz,PENDENTE
de2edb66c51cc238d1e5441a60a70590,LOGIN,2026-04-30 22:03:20,,Teste,maiterezende,FALHA
be33134efffe41c1c99788efd0c0ec85,DOWNLOAD,2026-04-30 23:20:20,,Teste,cmendes,FALHA
9103156fa04cec2040cb4d0aa4d1b90c,LOGOUT,2026-05-01 01:07:20,,Teste,gomesdavi,SUCESSO
b81062e15e44645f4a25a0ab08134a7b,UPLOAD,2026-05-01 04:46:20,,Teste,tpinto,PENDENTE
52520d47e97fc746b160672cb7b20e75,ERRO_API,2026-05-01 17:22:20,,Teste,enzoduarte,FALHA
2e7b7dbdbc12fec5ae547acf6b7fc936,CADASTRO,2026-05-01 18:04:20,,Teste,csilva,PENDENTE
bc02df8a2eb5f791c00c7332e8df265c,COMPRA,2026-05-01 19:49:20,,Teste,arthur59,SUCESSO
ca8747bf54de856fa6929e52a5ca17fe,LOGIN,2026-05-01 21:49:20,,Teste,samuel04,FALHA
1f05919d880831dc39ca50bc51e0d136,PAGAMENTO,2026-05-01 23:57:20,,Teste,emanuelsouza,SUCESSO
362e5dec5da9ee2ae8945d4f30c03f69,DOWNLOAD,2026-05-02 03:59:20,,Teste,augustooliveira,FALHA
01f60e4626e26f4b4233166724dd5e83,CADASTRO,2026-05-02 05:14:20,,Teste,limaisadora,FALHA
38766933cd364991557c329250d2637d,CADASTRO,2026-05-02 07:05:20,,Teste,enzo-gabrielrocha,SUCESSO
decb13ae319a0094506b73d5b6e69819,COMPRA,2026-05-02 09:20:20,,Teste,tda-mata,PENDENTE
57bffb9da593dbc46a66c0c923cbd70d,UPLOAD,2026-05-02 09:23:20,,Teste,sviana,SUCESSO
226a73d7bde982330d802da8954ce2ef,LOGOUT,2026-05-02 09:30:20,,Teste,davi-luiz50,FALHA
305e2420a233a4d45811587684be43db,DOWNLOAD,2026-05-02 10:56:20,,Teste,pietro33,PENDENTE
fcf0dd34a4e4b41ea12961ed0ac0ada1,LOGIN,2026-05-02 13:29:20,,Teste,maria-fernandarodrigues,SUCESSO
1d48cb1951bdf2d80d2cee684694e688,UPLOAD,2026-05-02 15:56:20,,Teste,araujobeatriz,FALHA
f620efff6e8f1beea3f9047c9eb198a1,LOGIN,2026-05-02 16:10:20,,Teste,otavioferreira,FALHA
308832e4bb7307c042a5aff76e089570,DOWNLOAD,2026-05-02 17:57:20,,Teste,carvalholuigi,FALHA
14adf8a0c519cf302572376618062bb4,DOWNLOAD,2026-05-02 20:58:20,,Teste,maria-clarafogaca,PENDENTE
ec355ed891666c59d6b377b6bbd996bb,UPLOAD,2026-05-02 21:42:20,,Teste,souzaluna,SUCESSO
446b5f4ddb8d560b0b9ac122b082e25f,ALTERACAO_DADOS,2026-05-02 23:29:20,,Teste,ncardoso,FALHA
d541edb8abae124a918b3d383a50ff54,PAGAMENTO,2026-05-03 02:26:20,,Teste,barrospedro-henrique,SUCESSO
697597b2ef14d87453e26a33adb11f3b,DOWNLOAD,2026-05-03 05:46:20,,Teste,teixeiragustavo-henrique,PENDENTE
fc8062b7e19b7c2b7344dac2f3db44e0,UPLOAD,2026-05-03 12:13:20,,Teste,fernandesluiz-miguel,SUCESSO
917037c62b64277bc281bd3ee49a18c8,CADASTRO,2026-05-03 14:15:20,,Teste,gustavoda-conceicao,FALHA
2626824edc3d0e816927d3f059aa0c31,RESET_SENHA,2026-05-03 15:08:20,,Teste,julia96,SUCESSO
35b4f8139e4d9d4ed1e25bd1df9ddb4e,ERRO_API,2026-05-03 15:23:20,,Teste,waraujo,FALHA
b3f461153d15fc776dfe5b347489bdc4,ALTERACAO_DADOS,2026-05-03 16:32:20,,Teste,freitasluiz-fernando,PENDENTE
389eae5d93fed88777710e1f77230680,LOGOUT,2026-05-03 19:49:20,,Teste,correiaisabelly,SUCESSO
f26e96bc2679f601db2e207afcc2ca4f,ERRO_API,2026-05-03 20:15:20,,Teste,kpeixoto,FALHA
14dba5b8bd37b35e5786d11724cd1e0e,LOGOUT,2026-05-03 21:26:20,,Teste,theo42,FALHA
79eb485821b8c2d39cccc11504826a06,CADASTRO,2026-05-03 21:50:20,,Teste,alvessarah,PENDENTE
6cdec413fbca17605927f91c120533e5,LOGOUT,2026-05-04 00:47:20,,Teste,ecardoso,PENDENTE
e5704eb1b5dc15e7f479de243593f6f8,UPLOAD,2026-05-04 03:28:20,,Teste,ana-juliamartins,FALHA
dcd95dafd0ef8ffc3ae35b860806392e,RESET_SENHA,2026-05-04 04:39:20,,Teste,joao-guilhermeda-rosa,SUCESSO
ca65911a3848332920fb43d127dddfd5,LOGIN,2026-05-04 11:55:20,,Teste,duarteeloah,FALHA
0caf97c5df7403a2ae6c3b7faf486f86,CADASTRO,2026-05-04 12:11:20,,Teste,gustavo-henrique79,PENDENTE
22a08f5242138a2d1c9f89fffaa1443d,ERRO_API,2026-05-04 15:14:20,,Teste,levi58,PENDENTE
d78da012c3bdcc31e764a78413017eb1,RESET_SENHA,2026-05-04 17:40:20,,Teste,da-mataevelyn,FALHA
9ad47d8590c118912c7b76517a7ffd4f,PAGAMENTO,2026-05-04 19:02:20,,Teste,dramos,FALHA
2dddea7275200b90c0907736a27fbbd9,LOGOUT,2026-05-04 19:48:20,,Teste,limadavi,SUCESSO
94d55fa49878ddb121ae1c427742a5e1,DOWNLOAD,2026-05-05 00:51:20,,Teste,vitoria50,SUCESSO
2e11fd8df8913790cf09e90652b5d33d,CADASTRO,2026-05-05 08:51:20,,Teste,da-cruzcatarina,PENDENTE
33eb23fdf8b29624be79ae7103f39d21,UPLOAD,2026-05-05 12:10:20,,Teste,ana-luizadas-neves,FALHA
dc25c5e0af906a1b470cf81886c8bcda,RESET_SENHA,2026-05-05 12:32:20,,Teste,caio22,FALHA
801df25bf5836f931e72deacf19e5d8c,COMPRA,2026-05-05 14:04:20,,Teste,dnogueira,SUCESSO
16f738f476ad37ea1a067f55205ccbaa,ALTERACAO_DADOS,2026-05-05 15:53:20,,Teste,lorenapinto,SUCESSO
9f0d8920a6ba189b82ff155565078da8,UPLOAD,2026-05-05 19:12:20,,Teste,brunoda-conceicao,SUCESSO
6be9f612701dbbc17f57919b8a1957f0,DOWNLOAD,2026-05-05 21:30:20,,Teste,carolinacardoso,PENDENTE
9f40794d32f158462350216de4bf44da,UPLOAD,2026-05-05 21:32:20,,Teste,rezendecarolina,PENDENTE
9a0b7bd45a24ef0ce317b3e886375617,DOWNLOAD,2026-05-06 04:35:20,,Teste,bfarias,PENDENTE
9b48235c37e0ad66e4421c9e03839560,ALTERACAO_DADOS,2026-05-06 05:55:20,,Teste,nlopes,FALHA
3c37930f9a8d87f4c49ca05059553ea8,ERRO_API,2026-05-06 06:06:20,,Teste,eda-rosa,SUCESSO
2c02199afaf133e09481199f10d0b368,LOGIN,2026-05-06 06:15:20,,Teste,joao-lucasdias,FALHA
a65ea0727550e45410357428424dbb46,UPLOAD,2026-05-06 06:20:20,,Teste,luiz-gustavoda-rocha,PENDENTE
184904ad56463773287057c2c24d5017,COMPRA,2026-05-06 06:23:20,,Teste,pietropires,PENDENTE
0c4f055dc11555a15a91ee2e333b1201,PAGAMENTO,2026-05-06 08:11:20,,Teste,benjamin53,FALHA
840d56e495f06720777d12c45025170c,DOWNLOAD,2026-05-06 08:58:20,,Teste,maria-sophia22,FALHA
46efd96a24ed3a2f26609de6a8473a7e,DOWNLOAD,2026-05-06 10:51:20,,Teste,csales,FALHA
e375fdb2441c50cdd43ef52a4f486c52,PAGAMENTO,2026-05-06 12:42:20,,Teste,ateixeira,PENDENTE
5b5d4032a4e0b0b163ac329c9b116b7f,ERRO_API,2026-05-06 19:56:20,,Teste,andre30,SUCESSO
5312315be1d0a83e838c47e869cf288e,ALTERACAO_DADOS,2026-05-07 00:20:20,,Teste,piresnoah,SUCESSO
e95cb6ddc6551b8d2c4d34fdf76b7804,CADASTRO,2026-05-07 00:53:20,,Teste,ana-sophiajesus,FALHA
397a77ce93997f609f59d65f17016124,ALTERACAO_DADOS,2026-05-07 01:10:20,,Teste,arthuralmeida,FALHA
b5a22d50757f14395d8a1d16b6f0f62a,CADASTRO,2026-05-07 02:00:20,,Teste,joao-vitorda-cruz,FALHA
f6521c1393fa54c832f67db757a75b6a,ERRO_API,2026-05-07 02:56:20,,Teste,danielalopes,SUCESSO
80004bd6fd7eb46bc0b79ea6528a2b2b,COMPRA,2026-05-07 03:28:20,,Teste,sabrina78,FALHA
538834bdbad5920c116b1cafe5b18df9,LOGIN,2026-05-07 04:56:20,,Teste,limapietro,PENDENTE
abfb3b9db8fb6e53476ad6248923c924,UPLOAD,2026-05-07 05:47:20,,Teste,ribeiroclarice,SUCESSO
703d65111a3187720bfb95a5e006045a,LOGIN,2026-05-07 07:04:20,,Teste,pintopedro,FALHA
9ff51e6401ac011e2601caa03cb65c90,ALTERACAO_DADOS,2026-05-07 09:49:20,,Teste,lorenzo48,FALHA
034c1630862e23467963b3bde061fb14,ERRO_API,2026-05-07 11:16:20,,Teste,fteixeira,PENDENTE
0122f4502639dcfc794846a86525dbcb,ERRO_API,2026-05-07 12:04:20,,Teste,nina97,FALHA
50b8e380588ab3a69480475eeff62cee,ERRO_API,2026-05-07 12:10:20,,Teste,catarinabarros,SUCESSO
575d516ece21139ca4d8d285f61559c1,RESET_SENHA,2026-05-07 16:09:20,,Teste,bvieira,PENDENTE
51cd5c3ebec5efd110e6a2e35110f036,ALTERACAO_DADOS,2026-05-07 17:35:20,,Teste,araujoluiz-otavio,FALHA
ec2ad7aba47688163c9a1932076bcfd5,LOGOUT,2026-05-07 19:27:20,,Teste,joaquimmoreira,FALHA
051b1f0d0e56929db59557e88a6c8c2f,RESET_SENHA,2026-05-07 20:36:20,,Teste,franciscoda-costa,PENDENTE
a4658bf110d35f655fae1b5eb63f6024,CADASTRO,2026-05-08 04:10:20,,Teste,jalmeida,FALHA
96c9009fca33378b8104a243a4f28eca,ERRO_API,2026-05-08 04:12:20,,Teste,luiz-fernandocardoso,FALHA
7b26a8d9a5d986a50c961b8ae01d37c9,DOWNLOAD,2026-05-08 08:01:20,,Teste,limaana-julia,FALHA
44f3d6606df7d97eba874f3ed6df623e,ERRO_API,2026-05-08 08:40:20,,Teste,heitorviana,PENDENTE
62c08e6721ed27afb78423c7154cf080,UPLOAD,2026-05-08 18:17:20,,Teste,moraesjoaquim,PENDENTE
8e2ad183df3b346472ad1e076eb2ca4c,PAGAMENTO,2026-05-08 19:00:20,,Teste,luiz-fernando40,FALHA
c9841b4f873482c21d23b08b0efed6ad,LOGIN,2026-05-08 23:34:20,,Teste,antonionovaes,SUCESSO
5a1674cf1d6e5fcf47875842a7e577c8,COMPRA,2026-05-08 23:38:20,,Teste,noahcostela,PENDENTE
1476345b63adaec2b924c4e623aedf9a,DOWNLOAD,2026-05-09 00:10:20,,Teste,mourasophia,FALHA
9794abbae908318155a062eeb266ef0f,RESET_SENHA,2026-05-09 00:23:20,,Teste,correiarafael,FALHA
b297875d20ab5b7216c9955ac3c1aef7,ALTERACAO_DADOS,2026-05-09 00:42:20,,Teste,stella50,PENDENTE
523c63aecce3e05220d249e845b8dad3,DOWNLOAD,2026-05-09 01:26:20,,Teste,dmendes,SUCESSO
fb792887efc6bc65ad2ab21d298197c4,UPLOAD,2026-05-09 04:52:20,,Teste,pintoolivia,FALHA
ecb553e6a41b70763e3004f4c6025336,CADASTRO,2026-05-09 05:55:20,,Teste,brenofreitas,PENDENTE
3f097a9d284c71c505817cc30493b4f0,DOWNLOAD,2026-05-09 10:34:20,,Teste,hnunes,SUCESSO
46b52d770080900ff86dbdded2f20546,UPLOAD,2026-05-09 11:21:20,,Teste,caroline14,PENDENTE
ce7897ba04828ecb7930536b38b00da4,ALTERACAO_DADOS,2026-05-09 13:54:20,,Teste,enzo11,FALHA
ae2931b14863bd14d04f8b229971071c,LOGOUT,2026-05-09 16:33:20,,Teste,ualmeida,SUCESSO
8ced35dbb80730095b1f0ab01fcb5d59,PAGAMENTO,2026-05-09 18:15:20,,Teste,brenda38,PENDENTE
d47e1329a146fae608755eb602592085,RESET_SENHA,2026-05-10 02:18:20,,Teste,stephany64,PENDENTE
7b9eae0ef76dbbf4c035bd29e2737261,ERRO_API,2026-05-10 04:58:20,,Teste,theovieira,FALHA
ac6a5ffbbcaddf3ab6cbfbc34e49e593,DOWNLOAD,2026-05-10 05:30:20,,Teste,da-motacarlos-eduardo,FALHA
a35232987e94e4679b5cb91b9e004d5e,DOWNLOAD,2026-05-10 07:27:20,,Teste,nascimentojoao-guilherme,FALHA
897d022af765a33beac2e748021da270,LOGIN,2026-05-10 18:00:20,,Teste,lucasbarros,SUCESSO
9d34c14d04e11022089e71da6d858251,LOGOUT,2026-05-10 18:35:20,,Teste,yagonogueira,FALHA
856bf907738f8946232929822d3e9262,ERRO_API,2026-05-11 00:18:20,,Teste,cunhamelissa,PENDENTE
eb05896baa7ef3e65efa06fbb9ad41b3,DOWNLOAD,2026-05-11 03:20:20,,Teste,sofia21,PENDENTE
33043c8e436d1ec50cba33530351a57d,LOGIN,2026-05-11 04:02:20,,Teste,ana-beatriznascimento,PENDENTE
a93e00ccc1b9530eb834179c5a28fd76,CADASTRO,2026-05-11 04:04:20,,Teste,bianca86,FALHA
559b7daceba3739d1dfd45ad4e32c175,PAGAMENTO,2026-05-11 06:46:20,,Teste,luiz-miguelazevedo,SUCESSO
7a286f396096534b8dc94afd76e5eb7f,PAGAMENTO,2026-05-11 07:47:20,,Teste,cardosojulia,SUCESSO
97d5621c72ebe11a69fde5c9958d09fd,COMPRA,2026-05-11 08:41:20,,Teste,pedro-henriquecavalcanti,PENDENTE
d65d36c47df8670f46908548f5c97e3d,RESET_SENHA,2026-05-11 12:28:20,,Teste,tlopes,SUCESSO
badea195af5848f94c9d9671baefd3e3,CADASTRO,2026-05-11 13:06:20,,Teste,davi-lucca54,SUCESSO
17c9517fb747981c29ba640edb7ff046,COMPRA,2026-05-11 14:14:20,,Teste,pda-cruz,SUCESSO
f0e4c9a34c5c14587c2a2b214f9d5a34,COMPRA,2026-05-11 15:14:20,,Teste,heloisasantos,FALHA
e5da63d30ca3eb3e3ea4ad1fb606ea57,LOGOUT,2026-05-11 16:29:20,,Teste,dcarvalho,PENDENTE
6236e436fe3d70802d78be3ee6bed770,DOWNLOAD,2026-05-11 17:04:20,,Teste,ferreiraluiz-gustavo,PENDENTE
e0aec9bdd253ec2a279290944d106b29,ALTERACAO_DADOS,2026-05-11 18:46:20,,Teste,thiago19,SUCESSO
fd0bc6ef852ba53e68db36e7a0949de0,PAGAMENTO,2026-05-11 18:57:20,,Teste,xgoncalves,FALHA
7e46b18d25d46b97408fda99cfbcde9f,UPLOAD,2026-05-11 19:22:20,,Teste,camilarocha,FALHA
3db140bb1a664c6fb1aede79b42bb750,CADASTRO,2026-05-11 23:42:20,,Teste,peixotolucca,PENDENTE
be6a323d3c65d215a683af3d72582733,CADASTRO,2026-05-12 00:53:20,,Teste,bryan83,PENDENTE
cf9f663252d1fd874907c99ff2aaeaaa,LOGOUT,2026-05-12 01:46:20,,Teste,valentinaduarte,SUCESSO
4d6334211ca6f7ef4e2a4f23d7c42395,COMPRA,2026-05-12 06:21:20,,Teste,zmoura,PENDENTE
3a280ade0c3bce3fd050c87c4be453af,DOWNLOAD,2026-05-12 09:43:20,,Teste,brunooliveira,FALHA
e91a7545eff3b9b665abc25580939590,LOGIN,2026-05-12 10:37:20,,Teste,rochaeduardo,FALHA
fc1d9586ebcce3f1e8630059bed99b0e,DOWNLOAD,2026-05-12 11:18:20,,Teste,matheus26,SUCESSO
bd3b99b8a55864528d24ef3d4bd85f2c,DOWNLOAD,2026-05-12 11:40:20,,Teste,maitecaldeira,PENDENTE
adc0704a885c436acbd6939d756340cc,RESET_SENHA,2026-05-12 12:13:20,,Teste,alvesluiza,PENDENTE
aec5cc5b2a715ba17a61ae83bc118a96,UPLOAD,2026-05-12 17:40:20,,Teste,isadoraviana,SUCESSO
dde6618cf55130eef9de7d2ac8a9474b,RESET_SENHA,2026-05-12 19:23:20,,Teste,ldas-neves,PENDENTE
2d2db0feb163af787aeba5584e5c53f9,LOGIN,2026-05-12 20:10:20,,Teste,bryancardoso,SUCESSO
37ec11fb3dcc27434d42402055ff3ef1,LOGOUT,2026-05-12 20:26:20,,Teste,teixeiranatalia,FALHA
6452759788260afd54f351d7b3cff5ab,LOGIN,2026-05-12 21:43:20,,Teste,barbosarenan,SUCESSO
9174710e7da8db971e700a84fcb4964b,UPLOAD,2026-05-12 22:59:20,,Teste,agatha33,FALHA
bc902ae758376ffee7ea67d38c80dfba,ERRO_API,2026-05-12 23:57:20,,Teste,fcostela,FALHA
7efd4879bea13303bd60e33f04b2c184,CADASTRO,2026-05-13 02:14:20,,Teste,mourarafaela,PENDENTE
6e561aa58d1ffb97bba0f44e6d065035,RESET_SENHA,2026-05-13 02:27:20,,Teste,icostela,PENDENTE
7a0b7a77e6daf1032853734460e8376f,UPLOAD,2026-05-13 03:00:20,,Teste,matheus70,FALHA
9ca66d81df7686177f4c856517d1c145,RESET_SENHA,2026-05-13 03:23:20,,Teste,agathajesus,PENDENTE
6afe7f58b08c81c170dc0cac42ab3ffd,LOGOUT,2026-05-13 03:49:20,,Teste,xpires,PENDENTE
f9627d66565c37c4690c2a853206d28b,PAGAMENTO,2026-05-13 05:42:20,,Teste,luiz-felipe33,FALHA
662961755e3389e55885f81fc5052154,UPLOAD,2026-05-13 06:02:20,,Teste,anthonyramos,FALHA
c16e144e14738a3a043ba54891a65dc7,LOGOUT,2026-05-13 07:58:20,,Teste,pereiravitor-gabriel,PENDENTE
fa9e6032139ddd35cfcc98bd1f7a526d,LOGIN,2026-05-13 08:26:20,,Teste,odas-neves,FALHA
be9bdfb920307ecb84e81c388c1bb4bc,DOWNLOAD,2026-05-13 08:50:20,,Teste,nicolasfarias,FALHA
e3e2ca71d234a4a38929f27cac40f70d,LOGIN,2026-05-13 09:52:20,,Teste,carvalhojoao-pedro,SUCESSO
7ec842fe082b827e0397e6426e902b41,UPLOAD,2026-05-13 10:07:20,,Teste,ida-rosa,SUCESSO
18a484e578f43af08697b29741efbeb8,RESET_SENHA,2026-05-13 12:50:20,,Teste,laviniaaragao,PENDENTE
4403d25f45f707eb1daa0e65aba3bd7c,PAGAMENTO,2026-05-13 13:21:20,,Teste,luiza22,PENDENTE
